url,#suffix,handle
https://resources.huygens.knaw.nl/retroapp/service_heinsius/01_158/images/heinsius_01_GS158_voorwerk_I.jpg,,
https://resources.huygens.knaw.nl/retroapp/service_heinsius/01_158/images/heinsius_01_GS158_voorwerk_II.jpg,,
https://resources.huygens.knaw.nl/retroapp/service_heinsius/01_158/images/heinsius_01_GS158_voorwerk_III.jpg,,
https://resources.huygens.knaw.nl/retroapp/service_heinsius/01_158/images/heinsius_01_GS158_voorwerk_IV.jpg,,
https://resources.huygens.knaw.nl/retroapp/service_heinsius/01_158/images/heinsius_01_GS158_voorwerk_V.jpg,,
https://resources.huygens.knaw.nl/retroapp/service_heinsius/01_158/images/heinsius_01_GS158_voorwerk_VI.jpg,,
https://resources.huygens.knaw.nl/retroapp/service_heinsius/01_158/images/heinsius_01_GS158_voorwerk_VII.jpg,,
https://resources.huygens.knaw.nl/retroapp/service_heinsius/01_158/images/heinsius_01_GS158_voorwerk_VIII.jpg,,
https://resources.huygens.knaw.nl/retroapp/service_heinsius/01_158/images/heinsius_01_GS158_voorwerk_IX.jpg,,
https://resources.huygens.knaw.nl/retroapp/service_heinsius/01_158/images/heinsius_01_GS158_voorwerk_X.jpg,,
https://resources.huygens.knaw.nl/retroapp/service_heinsius/01_158/images/heinsius_01_GS158_voorwerk_XI.jpg,,
https://resources.huygens.knaw.nl/retroapp/service_heinsius/01_158/images/heinsius_01_GS158_voorwerk_XII.jpg,,
https://resources.huygens.knaw.nl/retroapp/service_heinsius/01_158/images/heinsius_01_GS158_voorwerk_XIII.jpg,,
https://resources.huygens.knaw.nl/retroapp/service_heinsius/01_158/images/heinsius_01_GS158_voorwerk_XIV.jpg,,
https://resources.huygens.knaw.nl/retroapp/service_heinsius/01_158/images/heinsius_01_GS158_voorwerk_XV.jpg,,
https://resources.huygens.knaw.nl/retroapp/service_heinsius/01_158/images/heinsius_01_GS158_voorwerk_XVI.jpg,,
https://resources.huygens.knaw.nl/retroapp/service_heinsius/01_158/images/heinsius_01_GS158_voorwerk_XVII.jpg,,
https://resources.huygens.knaw.nl/retroapp/service_heinsius/01_158/images/heinsius_01_GS158_voorwerk_XVIII.jpg,,
https://resources.huygens.knaw.nl/retroapp/service_heinsius/01_158/images/heinsius_01_GS158_voorwerk_XIX.jpg,,
https://resources.huygens.knaw.nl/retroapp/service_heinsius/01_158/images/heinsius_01_GS158_voorwerk_XX.jpg,,
https://resources.huygens.knaw.nl/retroapp/service_heinsius/01_158/images/heinsius_01_GS158_voorwerk_XXI.jpg,,
https://resources.huygens.knaw.nl/retroapp/service_heinsius/01_158/images/heinsius_01_GS158_voorwerk_XXII.jpg,,
https://resources.huygens.knaw.nl/retroapp/service_heinsius/01_158/images/heinsius_01_GS158_voorwerk_XXIII.jpg,,
https://resources.huygens.knaw.nl/retroapp/service_heinsius/01_158/images/heinsius_01_GS158_voorwerk_XXIV.jpg,,
https://resources.huygens.knaw.nl/retroapp/service_heinsius/01_158/images/heinsius_01_GS158_voorwerk_XXV.jpg,,
https://resources.huygens.knaw.nl/retroapp/service_heinsius/01_158/images/heinsius_01_GS158_voorwerk_XXVI.jpg,,
https://resources.huygens.knaw.nl/retroapp/service_heinsius/01_158/images/heinsius_01_GS158_voorwerk_XXVII.jpg,,
https://resources.huygens.knaw.nl/retroapp/service_heinsius/01_158/images/heinsius_01_GS158_voorwerk_XXVIII.jpg,,
https://resources.huygens.knaw.nl/retroapp/service_heinsius/01_158/images/heinsius_01_GS158_voorwerk_XXIX.jpg,,
https://resources.huygens.knaw.nl/retroapp/service_heinsius/01_158/images/heinsius_01_GS158_voorwerk_XXX.jpg,,
https://resources.huygens.knaw.nl/retroapp/service_heinsius/01_158/images/heinsius_01_GS158_voorwerk_XXXI.jpg,,
https://resources.huygens.knaw.nl/retroapp/service_heinsius/01_158/images/heinsius_01_GS158_voorwerk_XXXII.jpg,,
https://resources.huygens.knaw.nl/retroapp/service_heinsius/01_158/images/heinsius_01_GS158_voorwerk_XXXIII.jpg,,
https://resources.huygens.knaw.nl/retroapp/service_heinsius/01_158/images/heinsius_01_GS158_voorwerk_XXXIV.jpg,,
https://resources.huygens.knaw.nl/retroapp/service_heinsius/01_158/images/heinsius_01_GS158_001.jpg,,
https://resources.huygens.knaw.nl/retroapp/service_heinsius/01_158/images/heinsius_01_GS158_002.jpg,,
https://resources.huygens.knaw.nl/retroapp/service_heinsius/01_158/images/heinsius_01_GS158_003.jpg,,
https://resources.huygens.knaw.nl/retroapp/service_heinsius/01_158/images/heinsius_01_GS158_004.jpg,,
https://resources.huygens.knaw.nl/retroapp/service_heinsius/01_158/images/heinsius_01_GS158_005.jpg,,
https://resources.huygens.knaw.nl/retroapp/service_heinsius/01_158/images/heinsius_01_GS158_006.jpg,,
https://resources.huygens.knaw.nl/retroapp/service_heinsius/01_158/images/heinsius_01_GS158_007.jpg,,
https://resources.huygens.knaw.nl/retroapp/service_heinsius/01_158/images/heinsius_01_GS158_008.jpg,,
https://resources.huygens.knaw.nl/retroapp/service_heinsius/01_158/images/heinsius_01_GS158_009.jpg,,
https://resources.huygens.knaw.nl/retroapp/service_heinsius/01_158/images/heinsius_01_GS158_010.jpg,,
https://resources.huygens.knaw.nl/retroapp/service_heinsius/01_158/images/heinsius_01_GS158_011.jpg,,
https://resources.huygens.knaw.nl/retroapp/service_heinsius/01_158/images/heinsius_01_GS158_012.jpg,,
https://resources.huygens.knaw.nl/retroapp/service_heinsius/01_158/images/heinsius_01_GS158_013.jpg,,
https://resources.huygens.knaw.nl/retroapp/service_heinsius/01_158/images/heinsius_01_GS158_014.jpg,,
https://resources.huygens.knaw.nl/retroapp/service_heinsius/01_158/images/heinsius_01_GS158_015.jpg,,
https://resources.huygens.knaw.nl/retroapp/service_heinsius/01_158/images/heinsius_01_GS158_016.jpg,,
https://resources.huygens.knaw.nl/retroapp/service_heinsius/01_158/images/heinsius_01_GS158_017.jpg,,
https://resources.huygens.knaw.nl/retroapp/service_heinsius/01_158/images/heinsius_01_GS158_018.jpg,,
https://resources.huygens.knaw.nl/retroapp/service_heinsius/01_158/images/heinsius_01_GS158_019.jpg,,
https://resources.huygens.knaw.nl/retroapp/service_heinsius/01_158/images/heinsius_01_GS158_020.jpg,,
https://resources.huygens.knaw.nl/retroapp/service_heinsius/01_158/images/heinsius_01_GS158_021.jpg,,
https://resources.huygens.knaw.nl/retroapp/service_heinsius/01_158/images/heinsius_01_GS158_022.jpg,,
https://resources.huygens.knaw.nl/retroapp/service_heinsius/01_158/images/heinsius_01_GS158_023.jpg,,
https://resources.huygens.knaw.nl/retroapp/service_heinsius/01_158/images/heinsius_01_GS158_024.jpg,,
https://resources.huygens.knaw.nl/retroapp/service_heinsius/01_158/images/heinsius_01_GS158_025.jpg,,
https://resources.huygens.knaw.nl/retroapp/service_heinsius/01_158/images/heinsius_01_GS158_026.jpg,,
https://resources.huygens.knaw.nl/retroapp/service_heinsius/01_158/images/heinsius_01_GS158_027.jpg,,
https://resources.huygens.knaw.nl/retroapp/service_heinsius/01_158/images/heinsius_01_GS158_028.jpg,,
https://resources.huygens.knaw.nl/retroapp/service_heinsius/01_158/images/heinsius_01_GS158_029.jpg,,
https://resources.huygens.knaw.nl/retroapp/service_heinsius/01_158/images/heinsius_01_GS158_030.jpg,,
https://resources.huygens.knaw.nl/retroapp/service_heinsius/01_158/images/heinsius_01_GS158_031.jpg,,
https://resources.huygens.knaw.nl/retroapp/service_heinsius/01_158/images/heinsius_01_GS158_032.jpg,,
https://resources.huygens.knaw.nl/retroapp/service_heinsius/01_158/images/heinsius_01_GS158_033.jpg,,
https://resources.huygens.knaw.nl/retroapp/service_heinsius/01_158/images/heinsius_01_GS158_034.jpg,,
https://resources.huygens.knaw.nl/retroapp/service_heinsius/01_158/images/heinsius_01_GS158_035.jpg,,
https://resources.huygens.knaw.nl/retroapp/service_heinsius/01_158/images/heinsius_01_GS158_036.jpg,,
https://resources.huygens.knaw.nl/retroapp/service_heinsius/01_158/images/heinsius_01_GS158_037.jpg,,
https://resources.huygens.knaw.nl/retroapp/service_heinsius/01_158/images/heinsius_01_GS158_038.jpg,,
https://resources.huygens.knaw.nl/retroapp/service_heinsius/01_158/images/heinsius_01_GS158_039.jpg,,
https://resources.huygens.knaw.nl/retroapp/service_heinsius/01_158/images/heinsius_01_GS158_040.jpg,,
https://resources.huygens.knaw.nl/retroapp/service_heinsius/01_158/images/heinsius_01_GS158_041.jpg,,
https://resources.huygens.knaw.nl/retroapp/service_heinsius/01_158/images/heinsius_01_GS158_042.jpg,,
https://resources.huygens.knaw.nl/retroapp/service_heinsius/01_158/images/heinsius_01_GS158_043.jpg,,
https://resources.huygens.knaw.nl/retroapp/service_heinsius/01_158/images/heinsius_01_GS158_044.jpg,,
https://resources.huygens.knaw.nl/retroapp/service_heinsius/01_158/images/heinsius_01_GS158_045.jpg,,
https://resources.huygens.knaw.nl/retroapp/service_heinsius/01_158/images/heinsius_01_GS158_046.jpg,,
https://resources.huygens.knaw.nl/retroapp/service_heinsius/01_158/images/heinsius_01_GS158_047.jpg,,
https://resources.huygens.knaw.nl/retroapp/service_heinsius/01_158/images/heinsius_01_GS158_048.jpg,,
https://resources.huygens.knaw.nl/retroapp/service_heinsius/01_158/images/heinsius_01_GS158_049.jpg,,
https://resources.huygens.knaw.nl/retroapp/service_heinsius/01_158/images/heinsius_01_GS158_050.jpg,,
https://resources.huygens.knaw.nl/retroapp/service_heinsius/01_158/images/heinsius_01_GS158_051.jpg,,
https://resources.huygens.knaw.nl/retroapp/service_heinsius/01_158/images/heinsius_01_GS158_052.jpg,,
https://resources.huygens.knaw.nl/retroapp/service_heinsius/01_158/images/heinsius_01_GS158_053.jpg,,
https://resources.huygens.knaw.nl/retroapp/service_heinsius/01_158/images/heinsius_01_GS158_054.jpg,,
https://resources.huygens.knaw.nl/retroapp/service_heinsius/01_158/images/heinsius_01_GS158_055.jpg,,
https://resources.huygens.knaw.nl/retroapp/service_heinsius/01_158/images/heinsius_01_GS158_056.jpg,,
https://resources.huygens.knaw.nl/retroapp/service_heinsius/01_158/images/heinsius_01_GS158_057.jpg,,
https://resources.huygens.knaw.nl/retroapp/service_heinsius/01_158/images/heinsius_01_GS158_058.jpg,,
https://resources.huygens.knaw.nl/retroapp/service_heinsius/01_158/images/heinsius_01_GS158_059.jpg,,
https://resources.huygens.knaw.nl/retroapp/service_heinsius/01_158/images/heinsius_01_GS158_060.jpg,,
https://resources.huygens.knaw.nl/retroapp/service_heinsius/01_158/images/heinsius_01_GS158_061.jpg,,
https://resources.huygens.knaw.nl/retroapp/service_heinsius/01_158/images/heinsius_01_GS158_062.jpg,,
https://resources.huygens.knaw.nl/retroapp/service_heinsius/01_158/images/heinsius_01_GS158_063.jpg,,
https://resources.huygens.knaw.nl/retroapp/service_heinsius/01_158/images/heinsius_01_GS158_064.jpg,,
https://resources.huygens.knaw.nl/retroapp/service_heinsius/01_158/images/heinsius_01_GS158_065.jpg,,
https://resources.huygens.knaw.nl/retroapp/service_heinsius/01_158/images/heinsius_01_GS158_066.jpg,,
https://resources.huygens.knaw.nl/retroapp/service_heinsius/01_158/images/heinsius_01_GS158_067.jpg,,
https://resources.huygens.knaw.nl/retroapp/service_heinsius/01_158/images/heinsius_01_GS158_068.jpg,,
https://resources.huygens.knaw.nl/retroapp/service_heinsius/01_158/images/heinsius_01_GS158_069.jpg,,
https://resources.huygens.knaw.nl/retroapp/service_heinsius/01_158/images/heinsius_01_GS158_070.jpg,,
https://resources.huygens.knaw.nl/retroapp/service_heinsius/01_158/images/heinsius_01_GS158_071.jpg,,
https://resources.huygens.knaw.nl/retroapp/service_heinsius/01_158/images/heinsius_01_GS158_072.jpg,,
https://resources.huygens.knaw.nl/retroapp/service_heinsius/01_158/images/heinsius_01_GS158_073.jpg,,
https://resources.huygens.knaw.nl/retroapp/service_heinsius/01_158/images/heinsius_01_GS158_074.jpg,,
https://resources.huygens.knaw.nl/retroapp/service_heinsius/01_158/images/heinsius_01_GS158_075.jpg,,
https://resources.huygens.knaw.nl/retroapp/service_heinsius/01_158/images/heinsius_01_GS158_076.jpg,,
https://resources.huygens.knaw.nl/retroapp/service_heinsius/01_158/images/heinsius_01_GS158_077.jpg,,
https://resources.huygens.knaw.nl/retroapp/service_heinsius/01_158/images/heinsius_01_GS158_078.jpg,,
https://resources.huygens.knaw.nl/retroapp/service_heinsius/01_158/images/heinsius_01_GS158_079.jpg,,
https://resources.huygens.knaw.nl/retroapp/service_heinsius/01_158/images/heinsius_01_GS158_080.jpg,,
https://resources.huygens.knaw.nl/retroapp/service_heinsius/01_158/images/heinsius_01_GS158_081.jpg,,
https://resources.huygens.knaw.nl/retroapp/service_heinsius/01_158/images/heinsius_01_GS158_082.jpg,,
https://resources.huygens.knaw.nl/retroapp/service_heinsius/01_158/images/heinsius_01_GS158_083.jpg,,
https://resources.huygens.knaw.nl/retroapp/service_heinsius/01_158/images/heinsius_01_GS158_084.jpg,,
https://resources.huygens.knaw.nl/retroapp/service_heinsius/01_158/images/heinsius_01_GS158_085.jpg,,
https://resources.huygens.knaw.nl/retroapp/service_heinsius/01_158/images/heinsius_01_GS158_086.jpg,,
https://resources.huygens.knaw.nl/retroapp/service_heinsius/01_158/images/heinsius_01_GS158_087.jpg,,
https://resources.huygens.knaw.nl/retroapp/service_heinsius/01_158/images/heinsius_01_GS158_088.jpg,,
https://resources.huygens.knaw.nl/retroapp/service_heinsius/01_158/images/heinsius_01_GS158_089.jpg,,
https://resources.huygens.knaw.nl/retroapp/service_heinsius/01_158/images/heinsius_01_GS158_090.jpg,,
https://resources.huygens.knaw.nl/retroapp/service_heinsius/01_158/images/heinsius_01_GS158_091.jpg,,
https://resources.huygens.knaw.nl/retroapp/service_heinsius/01_158/images/heinsius_01_GS158_092.jpg,,
https://resources.huygens.knaw.nl/retroapp/service_heinsius/01_158/images/heinsius_01_GS158_093.jpg,,
https://resources.huygens.knaw.nl/retroapp/service_heinsius/01_158/images/heinsius_01_GS158_094.jpg,,
https://resources.huygens.knaw.nl/retroapp/service_heinsius/01_158/images/heinsius_01_GS158_095.jpg,,
https://resources.huygens.knaw.nl/retroapp/service_heinsius/01_158/images/heinsius_01_GS158_096.jpg,,
https://resources.huygens.knaw.nl/retroapp/service_heinsius/01_158/images/heinsius_01_GS158_097.jpg,,
https://resources.huygens.knaw.nl/retroapp/service_heinsius/01_158/images/heinsius_01_GS158_098.jpg,,
https://resources.huygens.knaw.nl/retroapp/service_heinsius/01_158/images/heinsius_01_GS158_099.jpg,,
https://resources.huygens.knaw.nl/retroapp/service_heinsius/01_158/images/heinsius_01_GS158_100.jpg,,
https://resources.huygens.knaw.nl/retroapp/service_heinsius/01_158/images/heinsius_01_GS158_101.jpg,,
https://resources.huygens.knaw.nl/retroapp/service_heinsius/01_158/images/heinsius_01_GS158_102.jpg,,
https://resources.huygens.knaw.nl/retroapp/service_heinsius/01_158/images/heinsius_01_GS158_103.jpg,,
https://resources.huygens.knaw.nl/retroapp/service_heinsius/01_158/images/heinsius_01_GS158_104.jpg,,
https://resources.huygens.knaw.nl/retroapp/service_heinsius/01_158/images/heinsius_01_GS158_105.jpg,,
https://resources.huygens.knaw.nl/retroapp/service_heinsius/01_158/images/heinsius_01_GS158_106.jpg,,
https://resources.huygens.knaw.nl/retroapp/service_heinsius/01_158/images/heinsius_01_GS158_107.jpg,,
https://resources.huygens.knaw.nl/retroapp/service_heinsius/01_158/images/heinsius_01_GS158_108.jpg,,
https://resources.huygens.knaw.nl/retroapp/service_heinsius/01_158/images/heinsius_01_GS158_109.jpg,,
https://resources.huygens.knaw.nl/retroapp/service_heinsius/01_158/images/heinsius_01_GS158_110.jpg,,
https://resources.huygens.knaw.nl/retroapp/service_heinsius/01_158/images/heinsius_01_GS158_111.jpg,,
https://resources.huygens.knaw.nl/retroapp/service_heinsius/01_158/images/heinsius_01_GS158_112.jpg,,
https://resources.huygens.knaw.nl/retroapp/service_heinsius/01_158/images/heinsius_01_GS158_113.jpg,,
https://resources.huygens.knaw.nl/retroapp/service_heinsius/01_158/images/heinsius_01_GS158_114.jpg,,
https://resources.huygens.knaw.nl/retroapp/service_heinsius/01_158/images/heinsius_01_GS158_115.jpg,,
https://resources.huygens.knaw.nl/retroapp/service_heinsius/01_158/images/heinsius_01_GS158_116.jpg,,
https://resources.huygens.knaw.nl/retroapp/service_heinsius/01_158/images/heinsius_01_GS158_117.jpg,,
https://resources.huygens.knaw.nl/retroapp/service_heinsius/01_158/images/heinsius_01_GS158_118.jpg,,
https://resources.huygens.knaw.nl/retroapp/service_heinsius/01_158/images/heinsius_01_GS158_119.jpg,,
https://resources.huygens.knaw.nl/retroapp/service_heinsius/01_158/images/heinsius_01_GS158_120.jpg,,
https://resources.huygens.knaw.nl/retroapp/service_heinsius/01_158/images/heinsius_01_GS158_121.jpg,,
https://resources.huygens.knaw.nl/retroapp/service_heinsius/01_158/images/heinsius_01_GS158_122.jpg,,
https://resources.huygens.knaw.nl/retroapp/service_heinsius/01_158/images/heinsius_01_GS158_123.jpg,,
https://resources.huygens.knaw.nl/retroapp/service_heinsius/01_158/images/heinsius_01_GS158_124.jpg,,
https://resources.huygens.knaw.nl/retroapp/service_heinsius/01_158/images/heinsius_01_GS158_125.jpg,,
https://resources.huygens.knaw.nl/retroapp/service_heinsius/01_158/images/heinsius_01_GS158_126.jpg,,
https://resources.huygens.knaw.nl/retroapp/service_heinsius/01_158/images/heinsius_01_GS158_127.jpg,,
https://resources.huygens.knaw.nl/retroapp/service_heinsius/01_158/images/heinsius_01_GS158_128.jpg,,
https://resources.huygens.knaw.nl/retroapp/service_heinsius/01_158/images/heinsius_01_GS158_129.jpg,,
https://resources.huygens.knaw.nl/retroapp/service_heinsius/01_158/images/heinsius_01_GS158_130.jpg,,
https://resources.huygens.knaw.nl/retroapp/service_heinsius/01_158/images/heinsius_01_GS158_131.jpg,,
https://resources.huygens.knaw.nl/retroapp/service_heinsius/01_158/images/heinsius_01_GS158_132.jpg,,
https://resources.huygens.knaw.nl/retroapp/service_heinsius/01_158/images/heinsius_01_GS158_133.jpg,,
https://resources.huygens.knaw.nl/retroapp/service_heinsius/01_158/images/heinsius_01_GS158_134.jpg,,
https://resources.huygens.knaw.nl/retroapp/service_heinsius/01_158/images/heinsius_01_GS158_135.jpg,,
https://resources.huygens.knaw.nl/retroapp/service_heinsius/01_158/images/heinsius_01_GS158_136.jpg,,
https://resources.huygens.knaw.nl/retroapp/service_heinsius/01_158/images/heinsius_01_GS158_137.jpg,,
https://resources.huygens.knaw.nl/retroapp/service_heinsius/01_158/images/heinsius_01_GS158_138.jpg,,
https://resources.huygens.knaw.nl/retroapp/service_heinsius/01_158/images/heinsius_01_GS158_139.jpg,,
https://resources.huygens.knaw.nl/retroapp/service_heinsius/01_158/images/heinsius_01_GS158_140.jpg,,
https://resources.huygens.knaw.nl/retroapp/service_heinsius/01_158/images/heinsius_01_GS158_141.jpg,,
https://resources.huygens.knaw.nl/retroapp/service_heinsius/01_158/images/heinsius_01_GS158_142.jpg,,
https://resources.huygens.knaw.nl/retroapp/service_heinsius/01_158/images/heinsius_01_GS158_143.jpg,,
https://resources.huygens.knaw.nl/retroapp/service_heinsius/01_158/images/heinsius_01_GS158_144.jpg,,
https://resources.huygens.knaw.nl/retroapp/service_heinsius/01_158/images/heinsius_01_GS158_145.jpg,,
https://resources.huygens.knaw.nl/retroapp/service_heinsius/01_158/images/heinsius_01_GS158_146.jpg,,
https://resources.huygens.knaw.nl/retroapp/service_heinsius/01_158/images/heinsius_01_GS158_147.jpg,,
https://resources.huygens.knaw.nl/retroapp/service_heinsius/01_158/images/heinsius_01_GS158_148.jpg,,
https://resources.huygens.knaw.nl/retroapp/service_heinsius/01_158/images/heinsius_01_GS158_149.jpg,,
https://resources.huygens.knaw.nl/retroapp/service_heinsius/01_158/images/heinsius_01_GS158_150.jpg,,
https://resources.huygens.knaw.nl/retroapp/service_heinsius/01_158/images/heinsius_01_GS158_151.jpg,,
https://resources.huygens.knaw.nl/retroapp/service_heinsius/01_158/images/heinsius_01_GS158_152.jpg,,
https://resources.huygens.knaw.nl/retroapp/service_heinsius/01_158/images/heinsius_01_GS158_153.jpg,,
https://resources.huygens.knaw.nl/retroapp/service_heinsius/01_158/images/heinsius_01_GS158_154.jpg,,
https://resources.huygens.knaw.nl/retroapp/service_heinsius/01_158/images/heinsius_01_GS158_155.jpg,,
https://resources.huygens.knaw.nl/retroapp/service_heinsius/01_158/images/heinsius_01_GS158_156.jpg,,
https://resources.huygens.knaw.nl/retroapp/service_heinsius/01_158/images/heinsius_01_GS158_157.jpg,,
https://resources.huygens.knaw.nl/retroapp/service_heinsius/01_158/images/heinsius_01_GS158_158.jpg,,
https://resources.huygens.knaw.nl/retroapp/service_heinsius/01_158/images/heinsius_01_GS158_159.jpg,,
https://resources.huygens.knaw.nl/retroapp/service_heinsius/01_158/images/heinsius_01_GS158_160.jpg,,
https://resources.huygens.knaw.nl/retroapp/service_heinsius/01_158/images/heinsius_01_GS158_161.jpg,,
https://resources.huygens.knaw.nl/retroapp/service_heinsius/01_158/images/heinsius_01_GS158_162.jpg,,
https://resources.huygens.knaw.nl/retroapp/service_heinsius/01_158/images/heinsius_01_GS158_163.jpg,,
https://resources.huygens.knaw.nl/retroapp/service_heinsius/01_158/images/heinsius_01_GS158_164.jpg,,
https://resources.huygens.knaw.nl/retroapp/service_heinsius/01_158/images/heinsius_01_GS158_165.jpg,,
https://resources.huygens.knaw.nl/retroapp/service_heinsius/01_158/images/heinsius_01_GS158_166.jpg,,
https://resources.huygens.knaw.nl/retroapp/service_heinsius/01_158/images/heinsius_01_GS158_167.jpg,,
https://resources.huygens.knaw.nl/retroapp/service_heinsius/01_158/images/heinsius_01_GS158_168.jpg,,
https://resources.huygens.knaw.nl/retroapp/service_heinsius/01_158/images/heinsius_01_GS158_169.jpg,,
https://resources.huygens.knaw.nl/retroapp/service_heinsius/01_158/images/heinsius_01_GS158_170.jpg,,
https://resources.huygens.knaw.nl/retroapp/service_heinsius/01_158/images/heinsius_01_GS158_171.jpg,,
https://resources.huygens.knaw.nl/retroapp/service_heinsius/01_158/images/heinsius_01_GS158_172.jpg,,
https://resources.huygens.knaw.nl/retroapp/service_heinsius/01_158/images/heinsius_01_GS158_173.jpg,,
https://resources.huygens.knaw.nl/retroapp/service_heinsius/01_158/images/heinsius_01_GS158_174.jpg,,
https://resources.huygens.knaw.nl/retroapp/service_heinsius/01_158/images/heinsius_01_GS158_175.jpg,,
https://resources.huygens.knaw.nl/retroapp/service_heinsius/01_158/images/heinsius_01_GS158_176.jpg,,
https://resources.huygens.knaw.nl/retroapp/service_heinsius/01_158/images/heinsius_01_GS158_177.jpg,,
https://resources.huygens.knaw.nl/retroapp/service_heinsius/01_158/images/heinsius_01_GS158_178.jpg,,
https://resources.huygens.knaw.nl/retroapp/service_heinsius/01_158/images/heinsius_01_GS158_179.jpg,,
https://resources.huygens.knaw.nl/retroapp/service_heinsius/01_158/images/heinsius_01_GS158_180.jpg,,
https://resources.huygens.knaw.nl/retroapp/service_heinsius/01_158/images/heinsius_01_GS158_181.jpg,,
https://resources.huygens.knaw.nl/retroapp/service_heinsius/01_158/images/heinsius_01_GS158_182.jpg,,
https://resources.huygens.knaw.nl/retroapp/service_heinsius/01_158/images/heinsius_01_GS158_183.jpg,,
https://resources.huygens.knaw.nl/retroapp/service_heinsius/01_158/images/heinsius_01_GS158_184.jpg,,
https://resources.huygens.knaw.nl/retroapp/service_heinsius/01_158/images/heinsius_01_GS158_185.jpg,,
https://resources.huygens.knaw.nl/retroapp/service_heinsius/01_158/images/heinsius_01_GS158_186.jpg,,
https://resources.huygens.knaw.nl/retroapp/service_heinsius/01_158/images/heinsius_01_GS158_187.jpg,,
https://resources.huygens.knaw.nl/retroapp/service_heinsius/01_158/images/heinsius_01_GS158_188.jpg,,
https://resources.huygens.knaw.nl/retroapp/service_heinsius/01_158/images/heinsius_01_GS158_189.jpg,,
https://resources.huygens.knaw.nl/retroapp/service_heinsius/01_158/images/heinsius_01_GS158_190.jpg,,
https://resources.huygens.knaw.nl/retroapp/service_heinsius/01_158/images/heinsius_01_GS158_191.jpg,,
https://resources.huygens.knaw.nl/retroapp/service_heinsius/01_158/images/heinsius_01_GS158_192.jpg,,
https://resources.huygens.knaw.nl/retroapp/service_heinsius/01_158/images/heinsius_01_GS158_193.jpg,,
https://resources.huygens.knaw.nl/retroapp/service_heinsius/01_158/images/heinsius_01_GS158_194.jpg,,
https://resources.huygens.knaw.nl/retroapp/service_heinsius/01_158/images/heinsius_01_GS158_195.jpg,,
https://resources.huygens.knaw.nl/retroapp/service_heinsius/01_158/images/heinsius_01_GS158_196.jpg,,
https://resources.huygens.knaw.nl/retroapp/service_heinsius/01_158/images/heinsius_01_GS158_197.jpg,,
https://resources.huygens.knaw.nl/retroapp/service_heinsius/01_158/images/heinsius_01_GS158_198.jpg,,
https://resources.huygens.knaw.nl/retroapp/service_heinsius/01_158/images/heinsius_01_GS158_199.jpg,,
https://resources.huygens.knaw.nl/retroapp/service_heinsius/01_158/images/heinsius_01_GS158_200.jpg,,
https://resources.huygens.knaw.nl/retroapp/service_heinsius/01_158/images/heinsius_01_GS158_201.jpg,,
https://resources.huygens.knaw.nl/retroapp/service_heinsius/01_158/images/heinsius_01_GS158_202.jpg,,
https://resources.huygens.knaw.nl/retroapp/service_heinsius/01_158/images/heinsius_01_GS158_203.jpg,,
https://resources.huygens.knaw.nl/retroapp/service_heinsius/01_158/images/heinsius_01_GS158_204.jpg,,
https://resources.huygens.knaw.nl/retroapp/service_heinsius/01_158/images/heinsius_01_GS158_205.jpg,,
https://resources.huygens.knaw.nl/retroapp/service_heinsius/01_158/images/heinsius_01_GS158_206.jpg,,
https://resources.huygens.knaw.nl/retroapp/service_heinsius/01_158/images/heinsius_01_GS158_207.jpg,,
https://resources.huygens.knaw.nl/retroapp/service_heinsius/01_158/images/heinsius_01_GS158_208.jpg,,
https://resources.huygens.knaw.nl/retroapp/service_heinsius/01_158/images/heinsius_01_GS158_209.jpg,,
https://resources.huygens.knaw.nl/retroapp/service_heinsius/01_158/images/heinsius_01_GS158_210.jpg,,
https://resources.huygens.knaw.nl/retroapp/service_heinsius/01_158/images/heinsius_01_GS158_211.jpg,,
https://resources.huygens.knaw.nl/retroapp/service_heinsius/01_158/images/heinsius_01_GS158_212.jpg,,
https://resources.huygens.knaw.nl/retroapp/service_heinsius/01_158/images/heinsius_01_GS158_213.jpg,,
https://resources.huygens.knaw.nl/retroapp/service_heinsius/01_158/images/heinsius_01_GS158_214.jpg,,
https://resources.huygens.knaw.nl/retroapp/service_heinsius/01_158/images/heinsius_01_GS158_215.jpg,,
https://resources.huygens.knaw.nl/retroapp/service_heinsius/01_158/images/heinsius_01_GS158_216.jpg,,
https://resources.huygens.knaw.nl/retroapp/service_heinsius/01_158/images/heinsius_01_GS158_217.jpg,,
https://resources.huygens.knaw.nl/retroapp/service_heinsius/01_158/images/heinsius_01_GS158_218.jpg,,
https://resources.huygens.knaw.nl/retroapp/service_heinsius/01_158/images/heinsius_01_GS158_219.jpg,,
https://resources.huygens.knaw.nl/retroapp/service_heinsius/01_158/images/heinsius_01_GS158_220.jpg,,
https://resources.huygens.knaw.nl/retroapp/service_heinsius/01_158/images/heinsius_01_GS158_221.jpg,,
https://resources.huygens.knaw.nl/retroapp/service_heinsius/01_158/images/heinsius_01_GS158_222.jpg,,
https://resources.huygens.knaw.nl/retroapp/service_heinsius/01_158/images/heinsius_01_GS158_223.jpg,,
https://resources.huygens.knaw.nl/retroapp/service_heinsius/01_158/images/heinsius_01_GS158_224.jpg,,
https://resources.huygens.knaw.nl/retroapp/service_heinsius/01_158/images/heinsius_01_GS158_225.jpg,,
https://resources.huygens.knaw.nl/retroapp/service_heinsius/01_158/images/heinsius_01_GS158_226.jpg,,
https://resources.huygens.knaw.nl/retroapp/service_heinsius/01_158/images/heinsius_01_GS158_227.jpg,,
https://resources.huygens.knaw.nl/retroapp/service_heinsius/01_158/images/heinsius_01_GS158_228.jpg,,
https://resources.huygens.knaw.nl/retroapp/service_heinsius/01_158/images/heinsius_01_GS158_229.jpg,,
https://resources.huygens.knaw.nl/retroapp/service_heinsius/01_158/images/heinsius_01_GS158_230.jpg,,
https://resources.huygens.knaw.nl/retroapp/service_heinsius/01_158/images/heinsius_01_GS158_231.jpg,,
https://resources.huygens.knaw.nl/retroapp/service_heinsius/01_158/images/heinsius_01_GS158_232.jpg,,
https://resources.huygens.knaw.nl/retroapp/service_heinsius/01_158/images/heinsius_01_GS158_233.jpg,,
https://resources.huygens.knaw.nl/retroapp/service_heinsius/01_158/images/heinsius_01_GS158_234.jpg,,
https://resources.huygens.knaw.nl/retroapp/service_heinsius/01_158/images/heinsius_01_GS158_235.jpg,,
https://resources.huygens.knaw.nl/retroapp/service_heinsius/01_158/images/heinsius_01_GS158_236.jpg,,
https://resources.huygens.knaw.nl/retroapp/service_heinsius/01_158/images/heinsius_01_GS158_237.jpg,,
https://resources.huygens.knaw.nl/retroapp/service_heinsius/01_158/images/heinsius_01_GS158_238.jpg,,
https://resources.huygens.knaw.nl/retroapp/service_heinsius/01_158/images/heinsius_01_GS158_239.jpg,,
https://resources.huygens.knaw.nl/retroapp/service_heinsius/01_158/images/heinsius_01_GS158_240.jpg,,
https://resources.huygens.knaw.nl/retroapp/service_heinsius/01_158/images/heinsius_01_GS158_241.jpg,,
https://resources.huygens.knaw.nl/retroapp/service_heinsius/01_158/images/heinsius_01_GS158_242.jpg,,
https://resources.huygens.knaw.nl/retroapp/service_heinsius/01_158/images/heinsius_01_GS158_243.jpg,,
https://resources.huygens.knaw.nl/retroapp/service_heinsius/01_158/images/heinsius_01_GS158_244.jpg,,
https://resources.huygens.knaw.nl/retroapp/service_heinsius/01_158/images/heinsius_01_GS158_245.jpg,,
https://resources.huygens.knaw.nl/retroapp/service_heinsius/01_158/images/heinsius_01_GS158_246.jpg,,
https://resources.huygens.knaw.nl/retroapp/service_heinsius/01_158/images/heinsius_01_GS158_247.jpg,,
https://resources.huygens.knaw.nl/retroapp/service_heinsius/01_158/images/heinsius_01_GS158_248.jpg,,
https://resources.huygens.knaw.nl/retroapp/service_heinsius/01_158/images/heinsius_01_GS158_249.jpg,,
https://resources.huygens.knaw.nl/retroapp/service_heinsius/01_158/images/heinsius_01_GS158_250.jpg,,
https://resources.huygens.knaw.nl/retroapp/service_heinsius/01_158/images/heinsius_01_GS158_251.jpg,,
https://resources.huygens.knaw.nl/retroapp/service_heinsius/01_158/images/heinsius_01_GS158_252.jpg,,
https://resources.huygens.knaw.nl/retroapp/service_heinsius/01_158/images/heinsius_01_GS158_253.jpg,,
https://resources.huygens.knaw.nl/retroapp/service_heinsius/01_158/images/heinsius_01_GS158_254.jpg,,
https://resources.huygens.knaw.nl/retroapp/service_heinsius/01_158/images/heinsius_01_GS158_255.jpg,,
https://resources.huygens.knaw.nl/retroapp/service_heinsius/01_158/images/heinsius_01_GS158_256.jpg,,
https://resources.huygens.knaw.nl/retroapp/service_heinsius/01_158/images/heinsius_01_GS158_257.jpg,,
https://resources.huygens.knaw.nl/retroapp/service_heinsius/01_158/images/heinsius_01_GS158_258.jpg,,
https://resources.huygens.knaw.nl/retroapp/service_heinsius/01_158/images/heinsius_01_GS158_259.jpg,,
https://resources.huygens.knaw.nl/retroapp/service_heinsius/01_158/images/heinsius_01_GS158_260.jpg,,
https://resources.huygens.knaw.nl/retroapp/service_heinsius/01_158/images/heinsius_01_GS158_261.jpg,,
https://resources.huygens.knaw.nl/retroapp/service_heinsius/01_158/images/heinsius_01_GS158_262.jpg,,
https://resources.huygens.knaw.nl/retroapp/service_heinsius/01_158/images/heinsius_01_GS158_263.jpg,,
https://resources.huygens.knaw.nl/retroapp/service_heinsius/01_158/images/heinsius_01_GS158_264.jpg,,
https://resources.huygens.knaw.nl/retroapp/service_heinsius/01_158/images/heinsius_01_GS158_265.jpg,,
https://resources.huygens.knaw.nl/retroapp/service_heinsius/01_158/images/heinsius_01_GS158_266.jpg,,
https://resources.huygens.knaw.nl/retroapp/service_heinsius/01_158/images/heinsius_01_GS158_267.jpg,,
https://resources.huygens.knaw.nl/retroapp/service_heinsius/01_158/images/heinsius_01_GS158_268.jpg,,
https://resources.huygens.knaw.nl/retroapp/service_heinsius/01_158/images/heinsius_01_GS158_269.jpg,,
https://resources.huygens.knaw.nl/retroapp/service_heinsius/01_158/images/heinsius_01_GS158_270.jpg,,
https://resources.huygens.knaw.nl/retroapp/service_heinsius/01_158/images/heinsius_01_GS158_271.jpg,,
https://resources.huygens.knaw.nl/retroapp/service_heinsius/01_158/images/heinsius_01_GS158_272.jpg,,
https://resources.huygens.knaw.nl/retroapp/service_heinsius/01_158/images/heinsius_01_GS158_273.jpg,,
https://resources.huygens.knaw.nl/retroapp/service_heinsius/01_158/images/heinsius_01_GS158_274.jpg,,
https://resources.huygens.knaw.nl/retroapp/service_heinsius/01_158/images/heinsius_01_GS158_275.jpg,,
https://resources.huygens.knaw.nl/retroapp/service_heinsius/01_158/images/heinsius_01_GS158_276.jpg,,
https://resources.huygens.knaw.nl/retroapp/service_heinsius/01_158/images/heinsius_01_GS158_277.jpg,,
https://resources.huygens.knaw.nl/retroapp/service_heinsius/01_158/images/heinsius_01_GS158_278.jpg,,
https://resources.huygens.knaw.nl/retroapp/service_heinsius/01_158/images/heinsius_01_GS158_279.jpg,,
https://resources.huygens.knaw.nl/retroapp/service_heinsius/01_158/images/heinsius_01_GS158_280.jpg,,
https://resources.huygens.knaw.nl/retroapp/service_heinsius/01_158/images/heinsius_01_GS158_281.jpg,,
https://resources.huygens.knaw.nl/retroapp/service_heinsius/01_158/images/heinsius_01_GS158_282.jpg,,
https://resources.huygens.knaw.nl/retroapp/service_heinsius/01_158/images/heinsius_01_GS158_283.jpg,,
https://resources.huygens.knaw.nl/retroapp/service_heinsius/01_158/images/heinsius_01_GS158_284.jpg,,
https://resources.huygens.knaw.nl/retroapp/service_heinsius/01_158/images/heinsius_01_GS158_285.jpg,,
https://resources.huygens.knaw.nl/retroapp/service_heinsius/01_158/images/heinsius_01_GS158_286.jpg,,
https://resources.huygens.knaw.nl/retroapp/service_heinsius/01_158/images/heinsius_01_GS158_287.jpg,,
https://resources.huygens.knaw.nl/retroapp/service_heinsius/01_158/images/heinsius_01_GS158_288.jpg,,
https://resources.huygens.knaw.nl/retroapp/service_heinsius/01_158/images/heinsius_01_GS158_289.jpg,,
https://resources.huygens.knaw.nl/retroapp/service_heinsius/01_158/images/heinsius_01_GS158_290.jpg,,
https://resources.huygens.knaw.nl/retroapp/service_heinsius/01_158/images/heinsius_01_GS158_291.jpg,,
https://resources.huygens.knaw.nl/retroapp/service_heinsius/01_158/images/heinsius_01_GS158_292.jpg,,
https://resources.huygens.knaw.nl/retroapp/service_heinsius/01_158/images/heinsius_01_GS158_293.jpg,,
https://resources.huygens.knaw.nl/retroapp/service_heinsius/01_158/images/heinsius_01_GS158_294.jpg,,
https://resources.huygens.knaw.nl/retroapp/service_heinsius/01_158/images/heinsius_01_GS158_295.jpg,,
https://resources.huygens.knaw.nl/retroapp/service_heinsius/01_158/images/heinsius_01_GS158_296.jpg,,
https://resources.huygens.knaw.nl/retroapp/service_heinsius/01_158/images/heinsius_01_GS158_297.jpg,,
https://resources.huygens.knaw.nl/retroapp/service_heinsius/01_158/images/heinsius_01_GS158_298.jpg,,
https://resources.huygens.knaw.nl/retroapp/service_heinsius/01_158/images/heinsius_01_GS158_299.jpg,,
https://resources.huygens.knaw.nl/retroapp/service_heinsius/01_158/images/heinsius_01_GS158_300.jpg,,
https://resources.huygens.knaw.nl/retroapp/service_heinsius/01_158/images/heinsius_01_GS158_301.jpg,,
https://resources.huygens.knaw.nl/retroapp/service_heinsius/01_158/images/heinsius_01_GS158_302.jpg,,
https://resources.huygens.knaw.nl/retroapp/service_heinsius/01_158/images/heinsius_01_GS158_303.jpg,,
https://resources.huygens.knaw.nl/retroapp/service_heinsius/01_158/images/heinsius_01_GS158_304.jpg,,
https://resources.huygens.knaw.nl/retroapp/service_heinsius/01_158/images/heinsius_01_GS158_305.jpg,,
https://resources.huygens.knaw.nl/retroapp/service_heinsius/01_158/images/heinsius_01_GS158_306.jpg,,
https://resources.huygens.knaw.nl/retroapp/service_heinsius/01_158/images/heinsius_01_GS158_307.jpg,,
https://resources.huygens.knaw.nl/retroapp/service_heinsius/01_158/images/heinsius_01_GS158_308.jpg,,
https://resources.huygens.knaw.nl/retroapp/service_heinsius/01_158/images/heinsius_01_GS158_309.jpg,,
https://resources.huygens.knaw.nl/retroapp/service_heinsius/01_158/images/heinsius_01_GS158_310.jpg,,
https://resources.huygens.knaw.nl/retroapp/service_heinsius/01_158/images/heinsius_01_GS158_311.jpg,,
https://resources.huygens.knaw.nl/retroapp/service_heinsius/01_158/images/heinsius_01_GS158_312.jpg,,
https://resources.huygens.knaw.nl/retroapp/service_heinsius/01_158/images/heinsius_01_GS158_313.jpg,,
https://resources.huygens.knaw.nl/retroapp/service_heinsius/01_158/images/heinsius_01_GS158_314.jpg,,
https://resources.huygens.knaw.nl/retroapp/service_heinsius/01_158/images/heinsius_01_GS158_315.jpg,,
https://resources.huygens.knaw.nl/retroapp/service_heinsius/01_158/images/heinsius_01_GS158_316.jpg,,
https://resources.huygens.knaw.nl/retroapp/service_heinsius/01_158/images/heinsius_01_GS158_317.jpg,,
https://resources.huygens.knaw.nl/retroapp/service_heinsius/01_158/images/heinsius_01_GS158_318.jpg,,
https://resources.huygens.knaw.nl/retroapp/service_heinsius/01_158/images/heinsius_01_GS158_319.jpg,,
https://resources.huygens.knaw.nl/retroapp/service_heinsius/01_158/images/heinsius_01_GS158_320.jpg,,
https://resources.huygens.knaw.nl/retroapp/service_heinsius/01_158/images/heinsius_01_GS158_321.jpg,,
https://resources.huygens.knaw.nl/retroapp/service_heinsius/01_158/images/heinsius_01_GS158_322.jpg,,
https://resources.huygens.knaw.nl/retroapp/service_heinsius/01_158/images/heinsius_01_GS158_323.jpg,,
https://resources.huygens.knaw.nl/retroapp/service_heinsius/01_158/images/heinsius_01_GS158_324.jpg,,
https://resources.huygens.knaw.nl/retroapp/service_heinsius/01_158/images/heinsius_01_GS158_325.jpg,,
https://resources.huygens.knaw.nl/retroapp/service_heinsius/01_158/images/heinsius_01_GS158_326.jpg,,
https://resources.huygens.knaw.nl/retroapp/service_heinsius/01_158/images/heinsius_01_GS158_327.jpg,,
https://resources.huygens.knaw.nl/retroapp/service_heinsius/01_158/images/heinsius_01_GS158_328.jpg,,
https://resources.huygens.knaw.nl/retroapp/service_heinsius/01_158/images/heinsius_01_GS158_329.jpg,,
https://resources.huygens.knaw.nl/retroapp/service_heinsius/01_158/images/heinsius_01_GS158_330.jpg,,
https://resources.huygens.knaw.nl/retroapp/service_heinsius/01_158/images/heinsius_01_GS158_331.jpg,,
https://resources.huygens.knaw.nl/retroapp/service_heinsius/01_158/images/heinsius_01_GS158_332.jpg,,
https://resources.huygens.knaw.nl/retroapp/service_heinsius/01_158/images/heinsius_01_GS158_333.jpg,,
https://resources.huygens.knaw.nl/retroapp/service_heinsius/01_158/images/heinsius_01_GS158_334.jpg,,
https://resources.huygens.knaw.nl/retroapp/service_heinsius/01_158/images/heinsius_01_GS158_335.jpg,,
https://resources.huygens.knaw.nl/retroapp/service_heinsius/01_158/images/heinsius_01_GS158_336.jpg,,
https://resources.huygens.knaw.nl/retroapp/service_heinsius/01_158/images/heinsius_01_GS158_337.jpg,,
https://resources.huygens.knaw.nl/retroapp/service_heinsius/01_158/images/heinsius_01_GS158_338.jpg,,
https://resources.huygens.knaw.nl/retroapp/service_heinsius/01_158/images/heinsius_01_GS158_339.jpg,,
https://resources.huygens.knaw.nl/retroapp/service_heinsius/01_158/images/heinsius_01_GS158_340.jpg,,
https://resources.huygens.knaw.nl/retroapp/service_heinsius/01_158/images/heinsius_01_GS158_341.jpg,,
https://resources.huygens.knaw.nl/retroapp/service_heinsius/01_158/images/heinsius_01_GS158_342.jpg,,
https://resources.huygens.knaw.nl/retroapp/service_heinsius/01_158/images/heinsius_01_GS158_343.jpg,,
https://resources.huygens.knaw.nl/retroapp/service_heinsius/01_158/images/heinsius_01_GS158_344.jpg,,
https://resources.huygens.knaw.nl/retroapp/service_heinsius/01_158/images/heinsius_01_GS158_345.jpg,,
https://resources.huygens.knaw.nl/retroapp/service_heinsius/01_158/images/heinsius_01_GS158_346.jpg,,
https://resources.huygens.knaw.nl/retroapp/service_heinsius/01_158/images/heinsius_01_GS158_347.jpg,,
https://resources.huygens.knaw.nl/retroapp/service_heinsius/01_158/images/heinsius_01_GS158_348.jpg,,
https://resources.huygens.knaw.nl/retroapp/service_heinsius/01_158/images/heinsius_01_GS158_349.jpg,,
https://resources.huygens.knaw.nl/retroapp/service_heinsius/01_158/images/heinsius_01_GS158_350.jpg,,
https://resources.huygens.knaw.nl/retroapp/service_heinsius/01_158/images/heinsius_01_GS158_351.jpg,,
https://resources.huygens.knaw.nl/retroapp/service_heinsius/01_158/images/heinsius_01_GS158_352.jpg,,
https://resources.huygens.knaw.nl/retroapp/service_heinsius/01_158/images/heinsius_01_GS158_353.jpg,,
https://resources.huygens.knaw.nl/retroapp/service_heinsius/01_158/images/heinsius_01_GS158_354.jpg,,
https://resources.huygens.knaw.nl/retroapp/service_heinsius/01_158/images/heinsius_01_GS158_355.jpg,,
https://resources.huygens.knaw.nl/retroapp/service_heinsius/01_158/images/heinsius_01_GS158_356.jpg,,
https://resources.huygens.knaw.nl/retroapp/service_heinsius/01_158/images/heinsius_01_GS158_357.jpg,,
https://resources.huygens.knaw.nl/retroapp/service_heinsius/01_158/images/heinsius_01_GS158_358.jpg,,
https://resources.huygens.knaw.nl/retroapp/service_heinsius/01_158/images/heinsius_01_GS158_359.jpg,,
https://resources.huygens.knaw.nl/retroapp/service_heinsius/01_158/images/heinsius_01_GS158_360.jpg,,
https://resources.huygens.knaw.nl/retroapp/service_heinsius/01_158/images/heinsius_01_GS158_361.jpg,,
https://resources.huygens.knaw.nl/retroapp/service_heinsius/01_158/images/heinsius_01_GS158_362.jpg,,
https://resources.huygens.knaw.nl/retroapp/service_heinsius/01_158/images/heinsius_01_GS158_363.jpg,,
https://resources.huygens.knaw.nl/retroapp/service_heinsius/01_158/images/heinsius_01_GS158_364.jpg,,
https://resources.huygens.knaw.nl/retroapp/service_heinsius/01_158/images/heinsius_01_GS158_365.jpg,,
https://resources.huygens.knaw.nl/retroapp/service_heinsius/01_158/images/heinsius_01_GS158_366.jpg,,
https://resources.huygens.knaw.nl/retroapp/service_heinsius/01_158/images/heinsius_01_GS158_367.jpg,,
https://resources.huygens.knaw.nl/retroapp/service_heinsius/01_158/images/heinsius_01_GS158_368.jpg,,
https://resources.huygens.knaw.nl/retroapp/service_heinsius/01_158/images/heinsius_01_GS158_369.jpg,,
https://resources.huygens.knaw.nl/retroapp/service_heinsius/01_158/images/heinsius_01_GS158_370.jpg,,
https://resources.huygens.knaw.nl/retroapp/service_heinsius/01_158/images/heinsius_01_GS158_371.jpg,,
https://resources.huygens.knaw.nl/retroapp/service_heinsius/01_158/images/heinsius_01_GS158_372.jpg,,
https://resources.huygens.knaw.nl/retroapp/service_heinsius/01_158/images/heinsius_01_GS158_373.jpg,,
https://resources.huygens.knaw.nl/retroapp/service_heinsius/01_158/images/heinsius_01_GS158_374.jpg,,
https://resources.huygens.knaw.nl/retroapp/service_heinsius/01_158/images/heinsius_01_GS158_375.jpg,,
https://resources.huygens.knaw.nl/retroapp/service_heinsius/01_158/images/heinsius_01_GS158_376.jpg,,
https://resources.huygens.knaw.nl/retroapp/service_heinsius/01_158/images/heinsius_01_GS158_377.jpg,,
https://resources.huygens.knaw.nl/retroapp/service_heinsius/01_158/images/heinsius_01_GS158_378.jpg,,
https://resources.huygens.knaw.nl/retroapp/service_heinsius/01_158/images/heinsius_01_GS158_379.jpg,,
https://resources.huygens.knaw.nl/retroapp/service_heinsius/01_158/images/heinsius_01_GS158_380.jpg,,
https://resources.huygens.knaw.nl/retroapp/service_heinsius/01_158/images/heinsius_01_GS158_381.jpg,,
https://resources.huygens.knaw.nl/retroapp/service_heinsius/01_158/images/heinsius_01_GS158_382.jpg,,
https://resources.huygens.knaw.nl/retroapp/service_heinsius/01_158/images/heinsius_01_GS158_383.jpg,,
https://resources.huygens.knaw.nl/retroapp/service_heinsius/01_158/images/heinsius_01_GS158_384.jpg,,
https://resources.huygens.knaw.nl/retroapp/service_heinsius/01_158/images/heinsius_01_GS158_385.jpg,,
https://resources.huygens.knaw.nl/retroapp/service_heinsius/01_158/images/heinsius_01_GS158_386.jpg,,
https://resources.huygens.knaw.nl/retroapp/service_heinsius/01_158/images/heinsius_01_GS158_387.jpg,,
https://resources.huygens.knaw.nl/retroapp/service_heinsius/01_158/images/heinsius_01_GS158_388.jpg,,
https://resources.huygens.knaw.nl/retroapp/service_heinsius/01_158/images/heinsius_01_GS158_389.jpg,,
https://resources.huygens.knaw.nl/retroapp/service_heinsius/01_158/images/heinsius_01_GS158_390.jpg,,
https://resources.huygens.knaw.nl/retroapp/service_heinsius/01_158/images/heinsius_01_GS158_391.jpg,,
https://resources.huygens.knaw.nl/retroapp/service_heinsius/01_158/images/heinsius_01_GS158_392.jpg,,
https://resources.huygens.knaw.nl/retroapp/service_heinsius/01_158/images/heinsius_01_GS158_393.jpg,,
https://resources.huygens.knaw.nl/retroapp/service_heinsius/01_158/images/heinsius_01_GS158_394.jpg,,
https://resources.huygens.knaw.nl/retroapp/service_heinsius/01_158/images/heinsius_01_GS158_395.jpg,,
https://resources.huygens.knaw.nl/retroapp/service_heinsius/01_158/images/heinsius_01_GS158_396.jpg,,
https://resources.huygens.knaw.nl/retroapp/service_heinsius/01_158/images/heinsius_01_GS158_397.jpg,,
https://resources.huygens.knaw.nl/retroapp/service_heinsius/01_158/images/heinsius_01_GS158_398.jpg,,
https://resources.huygens.knaw.nl/retroapp/service_heinsius/01_158/images/heinsius_01_GS158_399.jpg,,
https://resources.huygens.knaw.nl/retroapp/service_heinsius/01_158/images/heinsius_01_GS158_400.jpg,,
https://resources.huygens.knaw.nl/retroapp/service_heinsius/01_158/images/heinsius_01_GS158_401.jpg,,
https://resources.huygens.knaw.nl/retroapp/service_heinsius/01_158/images/heinsius_01_GS158_402.jpg,,
https://resources.huygens.knaw.nl/retroapp/service_heinsius/01_158/images/heinsius_01_GS158_403.jpg,,
https://resources.huygens.knaw.nl/retroapp/service_heinsius/01_158/images/heinsius_01_GS158_404.jpg,,
https://resources.huygens.knaw.nl/retroapp/service_heinsius/01_158/images/heinsius_01_GS158_405.jpg,,
https://resources.huygens.knaw.nl/retroapp/service_heinsius/01_158/images/heinsius_01_GS158_406.jpg,,
https://resources.huygens.knaw.nl/retroapp/service_heinsius/01_158/images/heinsius_01_GS158_407.jpg,,
https://resources.huygens.knaw.nl/retroapp/service_heinsius/01_158/images/heinsius_01_GS158_408.jpg,,
https://resources.huygens.knaw.nl/retroapp/service_heinsius/01_158/images/heinsius_01_GS158_409.jpg,,
https://resources.huygens.knaw.nl/retroapp/service_heinsius/01_158/images/heinsius_01_GS158_410.jpg,,
https://resources.huygens.knaw.nl/retroapp/service_heinsius/01_158/images/heinsius_01_GS158_411.jpg,,
https://resources.huygens.knaw.nl/retroapp/service_heinsius/01_158/images/heinsius_01_GS158_412.jpg,,
https://resources.huygens.knaw.nl/retroapp/service_heinsius/01_158/images/heinsius_01_GS158_413.jpg,,
https://resources.huygens.knaw.nl/retroapp/service_heinsius/01_158/images/heinsius_01_GS158_414.jpg,,
https://resources.huygens.knaw.nl/retroapp/service_heinsius/01_158/images/heinsius_01_GS158_415.jpg,,
https://resources.huygens.knaw.nl/retroapp/service_heinsius/01_158/images/heinsius_01_GS158_416.jpg,,
https://resources.huygens.knaw.nl/retroapp/service_heinsius/01_158/images/heinsius_01_GS158_417.jpg,,
https://resources.huygens.knaw.nl/retroapp/service_heinsius/01_158/images/heinsius_01_GS158_418.jpg,,
https://resources.huygens.knaw.nl/retroapp/service_heinsius/01_158/images/heinsius_01_GS158_419.jpg,,
https://resources.huygens.knaw.nl/retroapp/service_heinsius/01_158/images/heinsius_01_GS158_420.jpg,,
https://resources.huygens.knaw.nl/retroapp/service_heinsius/01_158/images/heinsius_01_GS158_421.jpg,,
https://resources.huygens.knaw.nl/retroapp/service_heinsius/01_158/images/heinsius_01_GS158_422.jpg,,
https://resources.huygens.knaw.nl/retroapp/service_heinsius/01_158/images/heinsius_01_GS158_423.jpg,,
https://resources.huygens.knaw.nl/retroapp/service_heinsius/01_158/images/heinsius_01_GS158_424.jpg,,
https://resources.huygens.knaw.nl/retroapp/service_heinsius/01_158/images/heinsius_01_GS158_425.jpg,,
https://resources.huygens.knaw.nl/retroapp/service_heinsius/01_158/images/heinsius_01_GS158_426.jpg,,
https://resources.huygens.knaw.nl/retroapp/service_heinsius/01_158/images/heinsius_01_GS158_427.jpg,,
https://resources.huygens.knaw.nl/retroapp/service_heinsius/01_158/images/heinsius_01_GS158_428.jpg,,
https://resources.huygens.knaw.nl/retroapp/service_heinsius/01_158/images/heinsius_01_GS158_429.jpg,,
https://resources.huygens.knaw.nl/retroapp/service_heinsius/01_158/images/heinsius_01_GS158_430.jpg,,
https://resources.huygens.knaw.nl/retroapp/service_heinsius/01_158/images/heinsius_01_GS158_431.jpg,,
https://resources.huygens.knaw.nl/retroapp/service_heinsius/01_158/images/heinsius_01_GS158_432.jpg,,
https://resources.huygens.knaw.nl/retroapp/service_heinsius/01_158/images/heinsius_01_GS158_433.jpg,,
https://resources.huygens.knaw.nl/retroapp/service_heinsius/01_158/images/heinsius_01_GS158_434.jpg,,
https://resources.huygens.knaw.nl/retroapp/service_heinsius/01_158/images/heinsius_01_GS158_435.jpg,,
https://resources.huygens.knaw.nl/retroapp/service_heinsius/01_158/images/heinsius_01_GS158_436.jpg,,
https://resources.huygens.knaw.nl/retroapp/service_heinsius/01_158/images/heinsius_01_GS158_437.jpg,,
https://resources.huygens.knaw.nl/retroapp/service_heinsius/01_158/images/heinsius_01_GS158_438.jpg,,
https://resources.huygens.knaw.nl/retroapp/service_heinsius/01_158/images/heinsius_01_GS158_439.jpg,,
https://resources.huygens.knaw.nl/retroapp/service_heinsius/01_158/images/heinsius_01_GS158_440.jpg,,
https://resources.huygens.knaw.nl/retroapp/service_heinsius/01_158/images/heinsius_01_GS158_441.jpg,,
https://resources.huygens.knaw.nl/retroapp/service_heinsius/01_158/images/heinsius_01_GS158_442.jpg,,
https://resources.huygens.knaw.nl/retroapp/service_heinsius/01_158/images/heinsius_01_GS158_443.jpg,,
https://resources.huygens.knaw.nl/retroapp/service_heinsius/01_158/images/heinsius_01_GS158_444.jpg,,
https://resources.huygens.knaw.nl/retroapp/service_heinsius/01_158/images/heinsius_01_GS158_445.jpg,,
https://resources.huygens.knaw.nl/retroapp/service_heinsius/01_158/images/heinsius_01_GS158_446.jpg,,
https://resources.huygens.knaw.nl/retroapp/service_heinsius/01_158/images/heinsius_01_GS158_447.jpg,,
https://resources.huygens.knaw.nl/retroapp/service_heinsius/01_158/images/heinsius_01_GS158_448.jpg,,
https://resources.huygens.knaw.nl/retroapp/service_heinsius/01_158/images/heinsius_01_GS158_449.jpg,,
https://resources.huygens.knaw.nl/retroapp/service_heinsius/01_158/images/heinsius_01_GS158_450.jpg,,
https://resources.huygens.knaw.nl/retroapp/service_heinsius/01_158/images/heinsius_01_GS158_451.jpg,,
https://resources.huygens.knaw.nl/retroapp/service_heinsius/01_158/images/heinsius_01_GS158_452.jpg,,
https://resources.huygens.knaw.nl/retroapp/service_heinsius/01_158/images/heinsius_01_GS158_453.jpg,,
https://resources.huygens.knaw.nl/retroapp/service_heinsius/01_158/images/heinsius_01_GS158_454.jpg,,
https://resources.huygens.knaw.nl/retroapp/service_heinsius/01_158/images/heinsius_01_GS158_455.jpg,,
https://resources.huygens.knaw.nl/retroapp/service_heinsius/01_158/images/heinsius_01_GS158_456.jpg,,
https://resources.huygens.knaw.nl/retroapp/service_heinsius/01_158/images/heinsius_01_GS158_457.jpg,,
https://resources.huygens.knaw.nl/retroapp/service_heinsius/01_158/images/heinsius_01_GS158_458.jpg,,
https://resources.huygens.knaw.nl/retroapp/service_heinsius/01_158/images/heinsius_01_GS158_459.jpg,,
https://resources.huygens.knaw.nl/retroapp/service_heinsius/01_158/images/heinsius_01_GS158_460.jpg,,
https://resources.huygens.knaw.nl/retroapp/service_heinsius/01_158/images/heinsius_01_GS158_461.jpg,,
https://resources.huygens.knaw.nl/retroapp/service_heinsius/01_158/images/heinsius_01_GS158_462.jpg,,
https://resources.huygens.knaw.nl/retroapp/service_heinsius/01_158/images/heinsius_01_GS158_463.jpg,,
https://resources.huygens.knaw.nl/retroapp/service_heinsius/01_158/images/heinsius_01_GS158_464.jpg,,
https://resources.huygens.knaw.nl/retroapp/service_heinsius/01_158/images/heinsius_01_GS158_465.jpg,,
https://resources.huygens.knaw.nl/retroapp/service_heinsius/01_158/images/heinsius_01_GS158_466.jpg,,
https://resources.huygens.knaw.nl/retroapp/service_heinsius/01_158/images/heinsius_01_GS158_467.jpg,,
https://resources.huygens.knaw.nl/retroapp/service_heinsius/01_158/images/heinsius_01_GS158_468.jpg,,
https://resources.huygens.knaw.nl/retroapp/service_heinsius/01_158/images/heinsius_01_GS158_469.jpg,,
https://resources.huygens.knaw.nl/retroapp/service_heinsius/01_158/images/heinsius_01_GS158_470.jpg,,
https://resources.huygens.knaw.nl/retroapp/service_heinsius/01_158/images/heinsius_01_GS158_471.jpg,,
https://resources.huygens.knaw.nl/retroapp/service_heinsius/01_158/images/heinsius_01_GS158_472.jpg,,
https://resources.huygens.knaw.nl/retroapp/service_heinsius/01_158/images/heinsius_01_GS158_473.jpg,,
https://resources.huygens.knaw.nl/retroapp/service_heinsius/01_158/images/heinsius_01_GS158_474.jpg,,
https://resources.huygens.knaw.nl/retroapp/service_heinsius/01_158/images/heinsius_01_GS158_475.jpg,,
https://resources.huygens.knaw.nl/retroapp/service_heinsius/01_158/images/heinsius_01_GS158_476.jpg,,
https://resources.huygens.knaw.nl/retroapp/service_heinsius/01_158/images/heinsius_01_GS158_477.jpg,,
https://resources.huygens.knaw.nl/retroapp/service_heinsius/01_158/images/heinsius_01_GS158_478.jpg,,
https://resources.huygens.knaw.nl/retroapp/service_heinsius/01_158/images/heinsius_01_GS158_479.jpg,,
https://resources.huygens.knaw.nl/retroapp/service_heinsius/01_158/images/heinsius_01_GS158_480.jpg,,
https://resources.huygens.knaw.nl/retroapp/service_heinsius/01_158/images/heinsius_01_GS158_481.jpg,,
https://resources.huygens.knaw.nl/retroapp/service_heinsius/01_158/images/heinsius_01_GS158_482.jpg,,
https://resources.huygens.knaw.nl/retroapp/service_heinsius/01_158/images/heinsius_01_GS158_483.jpg,,
https://resources.huygens.knaw.nl/retroapp/service_heinsius/01_158/images/heinsius_01_GS158_484.jpg,,
https://resources.huygens.knaw.nl/retroapp/service_heinsius/01_158/images/heinsius_01_GS158_485.jpg,,
https://resources.huygens.knaw.nl/retroapp/service_heinsius/01_158/images/heinsius_01_GS158_486.jpg,,
https://resources.huygens.knaw.nl/retroapp/service_heinsius/01_158/images/heinsius_01_GS158_487.jpg,,
https://resources.huygens.knaw.nl/retroapp/service_heinsius/01_158/images/heinsius_01_GS158_488.jpg,,
https://resources.huygens.knaw.nl/retroapp/service_heinsius/01_158/images/heinsius_01_GS158_489.jpg,,
https://resources.huygens.knaw.nl/retroapp/service_heinsius/01_158/images/heinsius_01_GS158_490.jpg,,
https://resources.huygens.knaw.nl/retroapp/service_heinsius/01_158/images/heinsius_01_GS158_491.jpg,,
https://resources.huygens.knaw.nl/retroapp/service_heinsius/01_158/images/heinsius_01_GS158_492.jpg,,
https://resources.huygens.knaw.nl/retroapp/service_heinsius/01_158/images/heinsius_01_GS158_493.jpg,,
https://resources.huygens.knaw.nl/retroapp/service_heinsius/01_158/images/heinsius_01_GS158_494.jpg,,
https://resources.huygens.knaw.nl/retroapp/service_heinsius/01_158/images/heinsius_01_GS158_495.jpg,,
https://resources.huygens.knaw.nl/retroapp/service_heinsius/01_158/images/heinsius_01_GS158_496.jpg,,
https://resources.huygens.knaw.nl/retroapp/service_heinsius/01_158/images/heinsius_01_GS158_497.jpg,,
https://resources.huygens.knaw.nl/retroapp/service_heinsius/01_158/images/heinsius_01_GS158_498.jpg,,
https://resources.huygens.knaw.nl/retroapp/service_heinsius/01_158/images/heinsius_01_GS158_499.jpg,,
https://resources.huygens.knaw.nl/retroapp/service_heinsius/01_158/images/heinsius_01_GS158_500.jpg,,
https://resources.huygens.knaw.nl/retroapp/service_heinsius/01_158/images/heinsius_01_GS158_501.jpg,,
https://resources.huygens.knaw.nl/retroapp/service_heinsius/01_158/images/heinsius_01_GS158_502.jpg,,
https://resources.huygens.knaw.nl/retroapp/service_heinsius/01_158/images/heinsius_01_GS158_503.jpg,,
https://resources.huygens.knaw.nl/retroapp/service_heinsius/01_158/images/heinsius_01_GS158_504.jpg,,
https://resources.huygens.knaw.nl/retroapp/service_heinsius/01_158/images/heinsius_01_GS158_505.jpg,,
https://resources.huygens.knaw.nl/retroapp/service_heinsius/01_158/images/heinsius_01_GS158_506.jpg,,
https://resources.huygens.knaw.nl/retroapp/service_heinsius/01_158/images/heinsius_01_GS158_507.jpg,,
https://resources.huygens.knaw.nl/retroapp/service_heinsius/01_158/images/heinsius_01_GS158_508.jpg,,
https://resources.huygens.knaw.nl/retroapp/service_heinsius/01_158/images/heinsius_01_GS158_509.jpg,,
https://resources.huygens.knaw.nl/retroapp/service_heinsius/01_158/images/heinsius_01_GS158_510.jpg,,
https://resources.huygens.knaw.nl/retroapp/service_heinsius/01_158/images/heinsius_01_GS158_511.jpg,,
https://resources.huygens.knaw.nl/retroapp/service_heinsius/01_158/images/heinsius_01_GS158_512.jpg,,
https://resources.huygens.knaw.nl/retroapp/service_heinsius/01_158/images/heinsius_01_GS158_513.jpg,,
https://resources.huygens.knaw.nl/retroapp/service_heinsius/01_158/images/heinsius_01_GS158_514.jpg,,
https://resources.huygens.knaw.nl/retroapp/service_heinsius/01_158/images/heinsius_01_GS158_515.jpg,,
https://resources.huygens.knaw.nl/retroapp/service_heinsius/01_158/images/heinsius_01_GS158_516.jpg,,
https://resources.huygens.knaw.nl/retroapp/service_heinsius/01_158/images/heinsius_01_GS158_517.jpg,,
https://resources.huygens.knaw.nl/retroapp/service_heinsius/01_158/images/heinsius_01_GS158_518.jpg,,
https://resources.huygens.knaw.nl/retroapp/service_heinsius/01_158/images/heinsius_01_GS158_519.jpg,,
https://resources.huygens.knaw.nl/retroapp/service_heinsius/01_158/images/heinsius_01_GS158_520.jpg,,
https://resources.huygens.knaw.nl/retroapp/service_heinsius/01_158/images/heinsius_01_GS158_521.jpg,,
https://resources.huygens.knaw.nl/retroapp/service_heinsius/01_158/images/heinsius_01_GS158_522.jpg,,
https://resources.huygens.knaw.nl/retroapp/service_heinsius/01_158/images/heinsius_01_GS158_523.jpg,,
https://resources.huygens.knaw.nl/retroapp/service_heinsius/01_158/images/heinsius_01_GS158_524.jpg,,
https://resources.huygens.knaw.nl/retroapp/service_heinsius/01_158/images/heinsius_01_GS158_525.jpg,,
https://resources.huygens.knaw.nl/retroapp/service_heinsius/01_158/images/heinsius_01_GS158_526.jpg,,
https://resources.huygens.knaw.nl/retroapp/service_heinsius/01_158/images/heinsius_01_GS158_527.jpg,,
https://resources.huygens.knaw.nl/retroapp/service_heinsius/01_158/images/heinsius_01_GS158_528.jpg,,
https://resources.huygens.knaw.nl/retroapp/service_heinsius/01_158/images/heinsius_01_GS158_529.jpg,,
https://resources.huygens.knaw.nl/retroapp/service_heinsius/01_158/images/heinsius_01_GS158_530.jpg,,
https://resources.huygens.knaw.nl/retroapp/service_heinsius/01_158/images/heinsius_01_GS158_531.jpg,,
https://resources.huygens.knaw.nl/retroapp/service_heinsius/01_158/images/heinsius_01_GS158_532.jpg,,
https://resources.huygens.knaw.nl/retroapp/service_heinsius/01_158/images/heinsius_01_GS158_533.jpg,,
https://resources.huygens.knaw.nl/retroapp/service_heinsius/01_158/images/heinsius_01_GS158_534.jpg,,
https://resources.huygens.knaw.nl/retroapp/service_heinsius/01_158/images/heinsius_01_GS158_535.jpg,,
https://resources.huygens.knaw.nl/retroapp/service_heinsius/01_158/images/heinsius_01_GS158_536.jpg,,
https://resources.huygens.knaw.nl/retroapp/service_heinsius/01_158/images/heinsius_01_GS158_537.jpg,,
https://resources.huygens.knaw.nl/retroapp/service_heinsius/01_158/images/heinsius_01_GS158_538.jpg,,
https://resources.huygens.knaw.nl/retroapp/service_heinsius/01_158/images/heinsius_01_GS158_539.jpg,,
https://resources.huygens.knaw.nl/retroapp/service_heinsius/01_158/images/heinsius_01_GS158_540.jpg,,
https://resources.huygens.knaw.nl/retroapp/service_heinsius/01_158/images/heinsius_01_GS158_541.jpg,,
https://resources.huygens.knaw.nl/retroapp/service_heinsius/01_158/images/heinsius_01_GS158_542.jpg,,
https://resources.huygens.knaw.nl/retroapp/service_heinsius/01_158/images/heinsius_01_GS158_543.jpg,,
https://resources.huygens.knaw.nl/retroapp/service_heinsius/01_158/images/heinsius_01_GS158_544.jpg,,
https://resources.huygens.knaw.nl/retroapp/service_heinsius/01_158/images/heinsius_01_GS158_545.jpg,,
https://resources.huygens.knaw.nl/retroapp/service_heinsius/01_158/images/heinsius_01_GS158_546.jpg,,
https://resources.huygens.knaw.nl/retroapp/service_heinsius/01_158/images/heinsius_01_GS158_547.jpg,,
https://resources.huygens.knaw.nl/retroapp/service_heinsius/01_158/images/heinsius_01_GS158_548.jpg,,
https://resources.huygens.knaw.nl/retroapp/service_heinsius/01_158/images/heinsius_01_GS158_549.jpg,,
https://resources.huygens.knaw.nl/retroapp/service_heinsius/01_158/images/heinsius_01_GS158_550.jpg,,
https://resources.huygens.knaw.nl/retroapp/service_heinsius/01_158/images/heinsius_01_GS158_551.jpg,,
https://resources.huygens.knaw.nl/retroapp/service_heinsius/01_158/images/heinsius_01_GS158_552.jpg,,
https://resources.huygens.knaw.nl/retroapp/service_heinsius/01_158/images/heinsius_01_GS158_553.jpg,,
https://resources.huygens.knaw.nl/retroapp/service_heinsius/01_158/images/heinsius_01_GS158_554.jpg,,
https://resources.huygens.knaw.nl/retroapp/service_heinsius/01_158/images/heinsius_01_GS158_555.jpg,,
https://resources.huygens.knaw.nl/retroapp/service_heinsius/01_158/images/heinsius_01_GS158_556.jpg,,
https://resources.huygens.knaw.nl/retroapp/service_heinsius/01_158/images/heinsius_01_GS158_557.jpg,,
https://resources.huygens.knaw.nl/retroapp/service_heinsius/01_158/images/heinsius_01_GS158_558.jpg,,
https://resources.huygens.knaw.nl/retroapp/service_heinsius/01_158/images/heinsius_01_GS158_559.jpg,,
https://resources.huygens.knaw.nl/retroapp/service_heinsius/01_158/images/heinsius_01_GS158_560.jpg,,
https://resources.huygens.knaw.nl/retroapp/service_heinsius/01_158/images/heinsius_01_GS158_561.jpg,,
https://resources.huygens.knaw.nl/retroapp/service_heinsius/01_158/images/heinsius_01_GS158_562.jpg,,
https://resources.huygens.knaw.nl/retroapp/service_heinsius/01_158/images/heinsius_01_GS158_563.jpg,,
https://resources.huygens.knaw.nl/retroapp/service_heinsius/01_158/images/heinsius_01_GS158_564.jpg,,
https://resources.huygens.knaw.nl/retroapp/service_heinsius/01_158/images/heinsius_01_GS158_565.jpg,,
https://resources.huygens.knaw.nl/retroapp/service_heinsius/01_158/images/heinsius_01_GS158_566.jpg,,
https://resources.huygens.knaw.nl/retroapp/service_heinsius/01_158/images/heinsius_01_GS158_567.jpg,,
https://resources.huygens.knaw.nl/retroapp/service_heinsius/01_158/images/heinsius_01_GS158_568.jpg,,
https://resources.huygens.knaw.nl/retroapp/service_heinsius/01_158/images/heinsius_01_GS158_569.jpg,,
https://resources.huygens.knaw.nl/retroapp/service_heinsius/01_158/images/heinsius_01_GS158_570.jpg,,
https://resources.huygens.knaw.nl/retroapp/service_heinsius/01_158/images/heinsius_01_GS158_571.jpg,,
https://resources.huygens.knaw.nl/retroapp/service_heinsius/01_158/images/heinsius_01_GS158_572.jpg,,
https://resources.huygens.knaw.nl/retroapp/service_heinsius/01_158/images/heinsius_01_GS158_573.jpg,,
https://resources.huygens.knaw.nl/retroapp/service_heinsius/01_158/images/heinsius_01_GS158_574.jpg,,
https://resources.huygens.knaw.nl/retroapp/service_heinsius/01_158/images/heinsius_01_GS158_575.jpg,,
https://resources.huygens.knaw.nl/retroapp/service_heinsius/01_158/images/heinsius_01_GS158_576.jpg,,
https://resources.huygens.knaw.nl/retroapp/service_heinsius/01_158/images/heinsius_01_GS158_577.jpg,,
https://resources.huygens.knaw.nl/retroapp/service_heinsius/01_158/images/heinsius_01_GS158_578.jpg,,
https://resources.huygens.knaw.nl/retroapp/service_heinsius/01_158/images/heinsius_01_GS158_579.jpg,,
https://resources.huygens.knaw.nl/retroapp/service_heinsius/01_158/images/heinsius_01_GS158_580.jpg,,
https://resources.huygens.knaw.nl/retroapp/service_heinsius/01_158/images/heinsius_01_GS158_581.jpg,,
https://resources.huygens.knaw.nl/retroapp/service_heinsius/01_158/images/heinsius_01_GS158_582.jpg,,
https://resources.huygens.knaw.nl/retroapp/service_heinsius/01_158/images/heinsius_01_GS158_583.jpg,,
https://resources.huygens.knaw.nl/retroapp/service_heinsius/01_158/images/heinsius_01_GS158_584.jpg,,
https://resources.huygens.knaw.nl/retroapp/service_heinsius/01_158/images/heinsius_01_GS158_585.jpg,,
https://resources.huygens.knaw.nl/retroapp/service_heinsius/01_158/images/heinsius_01_GS158_586.jpg,,
https://resources.huygens.knaw.nl/retroapp/service_heinsius/01_158/images/heinsius_01_GS158_587.jpg,,
https://resources.huygens.knaw.nl/retroapp/service_heinsius/01_158/images/heinsius_01_GS158_588.jpg,,
https://resources.huygens.knaw.nl/retroapp/service_heinsius/01_158/images/heinsius_01_GS158_589.jpg,,
https://resources.huygens.knaw.nl/retroapp/service_heinsius/01_158/images/heinsius_01_GS158_590.jpg,,
https://resources.huygens.knaw.nl/retroapp/service_heinsius/01_158/images/heinsius_01_GS158_591.jpg,,
https://resources.huygens.knaw.nl/retroapp/service_heinsius/01_158/images/heinsius_01_GS158_592.jpg,,
https://resources.huygens.knaw.nl/retroapp/service_heinsius/01_158/images/heinsius_01_GS158_593.jpg,,
https://resources.huygens.knaw.nl/retroapp/service_heinsius/01_158/images/heinsius_01_GS158_594.jpg,,
https://resources.huygens.knaw.nl/retroapp/service_heinsius/01_158/images/heinsius_01_GS158_595.jpg,,
https://resources.huygens.knaw.nl/retroapp/service_heinsius/01_158/images/heinsius_01_GS158_596.jpg,,
https://resources.huygens.knaw.nl/retroapp/service_heinsius/01_158/images/heinsius_01_GS158_597.jpg,,
https://resources.huygens.knaw.nl/retroapp/service_heinsius/01_158/images/heinsius_01_GS158_598.jpg,,
https://resources.huygens.knaw.nl/retroapp/service_heinsius/01_158/images/heinsius_01_GS158_599.jpg,,
https://resources.huygens.knaw.nl/retroapp/service_heinsius/01_158/images/heinsius_01_GS158_600.jpg,,
https://resources.huygens.knaw.nl/retroapp/service_heinsius/01_158/images/heinsius_01_GS158_601.jpg,,
https://resources.huygens.knaw.nl/retroapp/service_heinsius/01_158/images/heinsius_01_GS158_602.jpg,,
https://resources.huygens.knaw.nl/retroapp/service_heinsius/01_158/images/heinsius_01_GS158_603.jpg,,
https://resources.huygens.knaw.nl/retroapp/service_heinsius/01_158/images/heinsius_01_GS158_604.jpg,,
https://resources.huygens.knaw.nl/retroapp/service_heinsius/01_158/images/heinsius_01_GS158_605.jpg,,
https://resources.huygens.knaw.nl/retroapp/service_heinsius/01_158/images/heinsius_01_GS158_606.jpg,,
https://resources.huygens.knaw.nl/retroapp/service_heinsius/01_158/images/heinsius_01_GS158_607.jpg,,
https://resources.huygens.knaw.nl/retroapp/service_heinsius/01_158/images/heinsius_01_GS158_608.jpg,,
https://resources.huygens.knaw.nl/retroapp/service_heinsius/01_158/images/heinsius_01_GS158_609.jpg,,
https://resources.huygens.knaw.nl/retroapp/service_heinsius/01_158/images/heinsius_01_GS158_610.jpg,,
https://resources.huygens.knaw.nl/retroapp/service_heinsius/01_158/images/heinsius_01_GS158_611.jpg,,
https://resources.huygens.knaw.nl/retroapp/service_heinsius/01_158/images/heinsius_01_GS158_612.jpg,,
https://resources.huygens.knaw.nl/retroapp/service_heinsius/01_158/images/heinsius_01_GS158_613.jpg,,
https://resources.huygens.knaw.nl/retroapp/service_heinsius/01_158/images/heinsius_01_GS158_614.jpg,,
https://resources.huygens.knaw.nl/retroapp/service_heinsius/01_158/images/heinsius_01_GS158_615.jpg,,
https://resources.huygens.knaw.nl/retroapp/service_heinsius/01_158/images/heinsius_01_GS158_616.jpg,,
https://resources.huygens.knaw.nl/retroapp/service_heinsius/01_158/images/heinsius_01_GS158_617.jpg,,
https://resources.huygens.knaw.nl/retroapp/service_heinsius/01_158/images/heinsius_01_GS158_618.jpg,,
https://resources.huygens.knaw.nl/retroapp/service_heinsius/01_158/images/heinsius_01_GS158_619.jpg,,
https://resources.huygens.knaw.nl/retroapp/service_heinsius/01_158/images/heinsius_01_GS158_620.jpg,,
https://resources.huygens.knaw.nl/retroapp/service_heinsius/01_158/images/heinsius_01_GS158_621.jpg,,
https://resources.huygens.knaw.nl/retroapp/service_heinsius/01_158/images/heinsius_01_GS158_622.jpg,,
https://resources.huygens.knaw.nl/retroapp/service_heinsius/01_158/images/heinsius_01_GS158_623.jpg,,
https://resources.huygens.knaw.nl/retroapp/service_heinsius/01_158/images/heinsius_01_GS158_624.jpg,,
https://resources.huygens.knaw.nl/retroapp/service_heinsius/01_158/images/heinsius_01_GS158_625.jpg,,
https://resources.huygens.knaw.nl/retroapp/service_heinsius/01_158/images/heinsius_01_GS158_626.jpg,,
https://resources.huygens.knaw.nl/retroapp/service_heinsius/01_158/images/heinsius_01_GS158_627.jpg,,
https://resources.huygens.knaw.nl/retroapp/service_heinsius/01_158/images/heinsius_01_GS158_628.jpg,,
https://resources.huygens.knaw.nl/retroapp/service_heinsius/01_158/images/heinsius_01_GS158_629.jpg,,
https://resources.huygens.knaw.nl/retroapp/service_heinsius/01_158/images/heinsius_01_GS158_630.jpg,,
https://resources.huygens.knaw.nl/retroapp/service_heinsius/01_158/images/heinsius_01_GS158_631.jpg,,
https://resources.huygens.knaw.nl/retroapp/service_heinsius/01_158/images/heinsius_01_GS158_632.jpg,,
https://resources.huygens.knaw.nl/retroapp/service_heinsius/01_158/images/heinsius_01_GS158_633.jpg,,
https://resources.huygens.knaw.nl/retroapp/service_heinsius/01_158/images/heinsius_01_GS158_634.jpg,,
https://resources.huygens.knaw.nl/retroapp/service_heinsius/01_158/images/heinsius_01_GS158_635.jpg,,
https://resources.huygens.knaw.nl/retroapp/service_heinsius/01_158/images/heinsius_01_GS158_636.jpg,,
https://resources.huygens.knaw.nl/retroapp/service_heinsius/01_158/images/heinsius_01_GS158_637.jpg,,
https://resources.huygens.knaw.nl/retroapp/service_heinsius/01_158/images/heinsius_01_GS158_638.jpg,,
https://resources.huygens.knaw.nl/retroapp/service_heinsius/01_158/images/heinsius_01_GS158_639.jpg,,
https://resources.huygens.knaw.nl/retroapp/service_heinsius/01_158/images/heinsius_01_GS158_640.jpg,,
https://resources.huygens.knaw.nl/retroapp/service_heinsius/01_158/images/heinsius_01_GS158_641.jpg,,
https://resources.huygens.knaw.nl/retroapp/service_heinsius/01_158/images/heinsius_01_GS158_642.jpg,,
https://resources.huygens.knaw.nl/retroapp/service_heinsius/01_158/images/heinsius_01_GS158_643.jpg,,
https://resources.huygens.knaw.nl/retroapp/service_heinsius/01_158/images/heinsius_01_GS158_644.jpg,,
https://resources.huygens.knaw.nl/retroapp/service_heinsius/01_158/images/heinsius_01_GS158_645.jpg,,
https://resources.huygens.knaw.nl/retroapp/service_heinsius/01_158/images/heinsius_01_GS158_646.jpg,,
https://resources.huygens.knaw.nl/retroapp/service_heinsius/01_158/images/heinsius_01_GS158_647.jpg,,
https://resources.huygens.knaw.nl/retroapp/service_heinsius/01_158/images/heinsius_01_GS158_648.jpg,,
https://resources.huygens.knaw.nl/retroapp/service_heinsius/01_158/images/heinsius_01_GS158_649.jpg,,
https://resources.huygens.knaw.nl/retroapp/service_heinsius/01_158/images/heinsius_01_GS158_650.jpg,,
https://resources.huygens.knaw.nl/retroapp/service_heinsius/01_158/images/heinsius_01_GS158_651.jpg,,
https://resources.huygens.knaw.nl/retroapp/service_heinsius/01_158/images/heinsius_01_GS158_652.jpg,,
https://resources.huygens.knaw.nl/retroapp/service_heinsius/01_158/images/heinsius_01_GS158_653.jpg,,
https://resources.huygens.knaw.nl/retroapp/service_heinsius/01_158/images/heinsius_01_GS158_654.jpg,,
https://resources.huygens.knaw.nl/retroapp/service_heinsius/01_158/images/heinsius_01_GS158_655.jpg,,
https://resources.huygens.knaw.nl/retroapp/service_heinsius/01_158/images/heinsius_01_GS158_656.jpg,,
https://resources.huygens.knaw.nl/retroapp/service_heinsius/01_158/images/heinsius_01_GS158_657.jpg,,
https://resources.huygens.knaw.nl/retroapp/service_heinsius/01_158/images/heinsius_01_GS158_658.jpg,,
https://resources.huygens.knaw.nl/retroapp/service_heinsius/01_158/images/heinsius_01_GS158_659.jpg,,
https://resources.huygens.knaw.nl/retroapp/service_heinsius/01_158/images/heinsius_01_GS158_660.jpg,,
https://resources.huygens.knaw.nl/retroapp/service_heinsius/01_158/images/heinsius_01_GS158_661.jpg,,
https://resources.huygens.knaw.nl/retroapp/service_heinsius/01_158/images/heinsius_01_GS158_662.jpg,,
https://resources.huygens.knaw.nl/retroapp/service_heinsius/01_158/images/heinsius_01_GS158_663.jpg,,
https://resources.huygens.knaw.nl/retroapp/service_heinsius/01_158/images/heinsius_01_GS158_664.jpg,,
https://resources.huygens.knaw.nl/retroapp/service_heinsius/01_158/images/heinsius_01_GS158_665.jpg,,
https://resources.huygens.knaw.nl/retroapp/service_heinsius/01_158/images/heinsius_01_GS158_666.jpg,,
